id, first_name, last_name, date_of_birth, institution, description, profile_pic
7079416002358386865,Jeffrey,Gray,1988-8-25 00:00:00-00,Birmingham,,
7331374612894774437,Roger,Jones,1995-5-24 00:00:00-00,Lancaster,,
2605155926840655749,Juan,Walker,1972-6-10 00:00:00-00,Nottingham,,
4911211609223192323,Christopher,Edwards,1960-4-5 00:00:00-00,Leeds,,
8302287574961127032,Anthony,Ross,1970-5-2 00:00:00-00,Birmingham,,
6329511533315958837,Kenneth,Parker,1990-3-20 00:00:00-00,Bath,,
4195908319615469607,Phillip,Ward,1982-7-12 00:00:00-00,Loughborough,,
1003168144157448016,John,King,1974-1-1 00:00:00-00,Durham,,
8022484124159867419,Michael,Adams,1996-5-22 00:00:00-00,UCL,,
8453289688387597489,Donald,Green,1963-9-6 00:00:00-00,Leeds,,
2229561152441835583,Joshua,Young,1983-11-18 00:00:00-00,Exeter,,
7428927831209929243,Howard,Barnes,1975-7-24 00:00:00-00,Oxford,,
3265096169062165985,David,Williams,1963-3-5 00:00:00-00,Sussex,,
2006706266366014321,Walter,Harris,1967-3-11 00:00:00-00,St Andrews,,
2881936508975502623,Patrick,Price,1957-7-16 00:00:00-00,London School of Economics,,
4656151457587057193,Louis,Campbell,1968-1-5 00:00:00-00,Nottingham,,
1775050122333181979,Ronald,Stewart,1973-8-21 00:00:00-00,UCL,,
3646067248870201978,Arthur,Lee,1964-10-12 00:00:00-00,Oxford,,
4705042472833904933,Ernest,Baker,1967-1-14 00:00:00-00,Nottingham,,
2998482459416455060,Douglas,Thomas,1978-2-5 00:00:00-00,York,,
8393098447134763811,Timothy,Peterson,1965-6-3 00:00:00-00,UCL,,
5226798390036598979,Jesse,Wood,1980-1-9 00:00:00-00,Exeter,,
2201354037875647803,Gerald,Perry,1964-3-10 00:00:00-00,Birmingham,,
2462931153884987466,Dennis,Coleman,1988-11-3 00:00:00-00,Sussex,,
6921026945639271818,Bobby,Brooks,1966-3-21 00:00:00-00,Coventry,,
5686009041252963205,Paul,Allen,1997-5-25 00:00:00-00,London School of Economics,,
353109232532644684,Billy,Wilson,1999-3-22 00:00:00-00,Exeter,,
8062332371648297057,Aaron,Cox,1995-2-11 00:00:00-00,UCL,,
6019313052882995662,Willie,Rodriguez,1978-4-7 00:00:00-00,Warwick,,
2515093820237050390,Harold,Sanders,1993-11-7 00:00:00-00,Warwick,,
8475255270971172113,Robert,White,1963-9-18 00:00:00-00,Lancaster,,
6708040031928568786,Samuel,Richardson,1960-10-13 00:00:00-00,Lancaster,,
322017632730993660,George,Torres,1986-3-25 00:00:00-00,St Andrews,,
8452325460932567299,Henry,Cook,1994-4-2 00:00:00-00,UEA,,
6444635986590962017,Jack,Foster,1955-11-7 00:00:00-00,Imperial College,,
4791270260184022851,Jerry,Murphy,1978-10-6 00:00:00-00,UCL,,
8022035300970129020,Lawrence,Jenkins,1999-3-7 00:00:00-00,Bath,,
2190360872926192748,Alan,Howard,1993-11-1 00:00:00-00,London School of Economics,,
269140986178792500,Peter,Bailey,1985-2-13 00:00:00-00,Surrey,,
6944769234480876480,Fred,Kelly,1959-5-3 00:00:00-00,Leeds,,
9036145693221966329,Bruce,Carter,1993-1-24 00:00:00-00,Imperial College,,
2888082459403775370,Nicholas,Flores,1989-10-14 00:00:00-00,Warwick,,
3036138376909356694,Keith,Butler,1966-8-6 00:00:00-00,Coventry,,
2180599382320354761,Jonathan,Thompson,1969-7-6 00:00:00-00,Loughborough,,
1578213636819718398,Craig,Hill,1953-10-25 00:00:00-00,Cambridge,,
4123951274470664042,Clarence,Patterson,1960-5-3 00:00:00-00,Nottingham,,
8177159458116878303,Ralph,Morris,1986-8-11 00:00:00-00,London School of Economics,,
962318885119321396,Jose,Bryant,1974-10-20 00:00:00-00,Imperial College,,
5644096802727167253,Larry,Scott,1999-9-15 00:00:00-00,UEA,,
2644849743533616576,Albert,Smith,1968-9-13 00:00:00-00,York,,
4914265546386362566,Carol,Howard,1962-5-7 00:00:00-00,York,,
8744370624233672104,Janice,Ward,1971-4-1 00:00:00-00,UCL,,
4050672558797842693,Anne,Torres,1972-10-9 00:00:00-00,Sussex,,
5573260751500752352,Doris,Price,1996-6-21 00:00:00-00,Leeds,,
167941471448337547,Anna,Powell,1953-1-16 00:00:00-00,Imperial College,,
3433172947308161353,Cheryl,Wilson,1972-8-18 00:00:00-00,UCL,,
969992565203601026,Linda,Martin,1986-9-3 00:00:00-00,London School of Economics,,
5469859231682748212,Nancy,Thompson,1970-3-1 00:00:00-00,Bath,,
2464444992576933359,Michelle,Collins,1962-10-23 00:00:00-00,Surrey,,
2288770422031246942,Jessica,Roberts,1995-1-10 00:00:00-00,UEA,,
152601546848697154,Kathy,Harris,1966-5-19 00:00:00-00,UEA,,
1559164180236021141,Louise,Morris,1986-8-22 00:00:00-00,Exeter,,
1285771006338469780,Alice,Peterson,1990-1-16 00:00:00-00,London School of Economics,,
5752882842801578613,Denise,Watson,1991-8-15 00:00:00-00,UEA,,
1061336789119216516,Jean,Jenkins,1963-5-14 00:00:00-00,Oxford,,
5602999084748682154,Joan,Butler,1983-1-20 00:00:00-00,Bath,,
7283422532259305913,Sandra,Barnes,1993-6-10 00:00:00-00,Cambridge,,
7841996910161373950,Lori,Sanchez,1971-5-19 00:00:00-00,Loughborough,,
9129782114704749725,Tina,Phillips,1980-1-6 00:00:00-00,London School of Economics,,
6149950485104246017,Kimberly,Bell,1984-11-4 00:00:00-00,Warwick,,
3091162108711046824,Sarah,Rogers,1967-9-18 00:00:00-00,Lancaster,,
5309995550583206351,Phyllis,Ross,1996-10-23 00:00:00-00,UCL,,
4498713468436934161,Cynthia,Hernandez,1957-4-16 00:00:00-00,Bath,,
6228162923744603308,Karen,Edwards,1969-9-13 00:00:00-00,St Andrews,,
5333839096468749364,Maria,Parker,1995-2-1 00:00:00-00,Loughborough,,
1227378321998201329,Evelyn,Garcia,1975-10-7 00:00:00-00,Bath,,
6046921440929791607,Lois,Brooks,1992-11-5 00:00:00-00,St Andrews,,
7177610587766365448,Brenda,Wright,1980-5-1 00:00:00-00,Nottingham,,
7402784202587959226,Elizabeth,Moore,1965-10-19 00:00:00-00,UCL,,
3288717389288042054,Amanda,Thomas,1966-9-17 00:00:00-00,Birmingham,,
8360390402314484225,Debra,Anderson,1955-4-6 00:00:00-00,Exeter,,
2625564649347057613,Kathleen,Walker,1971-8-16 00:00:00-00,Oxford,,
391374324425248096,Susan,Carter,1958-4-14 00:00:00-00,Loughborough,,
3827439762144459758,Virginia,Jones,1987-4-6 00:00:00-00,Coventry,,
3187887823513370791,Ruby,Perry,1987-3-7 00:00:00-00,Durham,,
5108936145776826674,Gloria,Gonzalez,1950-10-18 00:00:00-00,Imperial College,,
4162954338769519371,Christine,Campbell,1985-6-3 00:00:00-00,Sussex,,
7319160816942885735,Martha,Cox,1996-1-8 00:00:00-00,Warwick,,
6441762305998582884,Carolyn,Miller,1950-1-5 00:00:00-00,Sussex,,
4681263066352985358,Jane,Foster,1962-1-15 00:00:00-00,Coventry,,
1875013167021891083,Joyce,Long,1995-7-5 00:00:00-00,Exeter,,
5798089388658158671,Deborah,Hughes,1978-9-14 00:00:00-00,St Andrews,,
5740358266983452638,Teresa,Young,1952-6-20 00:00:00-00,London School of Economics,,
1895873609484024682,Christina,Bennett,1964-4-5 00:00:00-00,Bath,,
7810152040518503856,Kathryn,Russell,1983-6-22 00:00:00-00,Cambridge,,
5217253288250423855,Ruth,Henderson,1990-9-22 00:00:00-00,Exeter,,
2228461066389225219,Katherine,Baker,1976-7-11 00:00:00-00,Imperial College,,
5271005874806055954,Stephanie,Jackson,1962-1-3 00:00:00-00,St Andrews,,
1947221651166230991,Julia,Ramirez,1997-8-22 00:00:00-00,Nottingham,,
3957663896376853072,Pamela,Nelson,1979-1-24 00:00:00-00,Sussex,,